validation_rank,feature_config,model,imbalance_treatment,validation_threshold,validation_precision,validation_recall,validation_specificity,validation_f2,validation_pr_auc,voting_weights,selected_winner
1,extended_low_cost,logistic_regression,class_weight,0.7879034938787791,0.0912106135986733,0.3503184713375796,0.9627464309993202,0.22339561332250202,0.08641769375123162,,True
2,extended_low_cost,logistic_regression,none,0.0339526544040773,0.09046052631578948,0.3503184713375796,0.9624065261726716,0.2224919093851133,0.08449758925167217,,False
3,extended_low_cost,soft_voting,none,0.0358605681876455,0.0896551724137931,0.33121019108280253,0.9641060503059143,0.2152317880794702,0.08623249876006865,"(2, 1, 2)",False
4,extended_low_cost,catboost,none,0.0362876130860798,0.09210526315789473,0.31210191082802546,0.9671651937457512,0.21120689655172412,0.08307734953554238,,False
5,extended_low_cost,soft_voting,class_weight,0.6662069184404507,0.08235294117647059,0.31210191082802546,0.9628823929299796,0.20032706459525756,0.07577319623928692,"(2, 1, 1)",False
6,extended_low_cost,random_forest,none,0.0455821112713393,0.09052631578947369,0.27388535031847133,0.9706322229775662,0.19492293744333636,0.08043626662583384,,False
7,extended_low_cost,catboost,class_weight,0.6528132109223609,0.06,0.4012738853503185,0.9329027872195785,0.18772348033373062,0.06725410359548939,,False
8,extended_low_cost,extra_trees,none,0.0404945633704259,0.07345575959933222,0.2802547770700637,0.9622705642420122,0.17929910350448247,0.07168136023137563,,False
9,extended_low_cost,logistic_regression,smotenc_0.10,0.3172385081644956,0.0827250608272506,0.21656050955414013,0.9743711760707002,0.16361886429258904,0.059409864819352495,,False
10,extended_low_cost,catboost,smotenc_0.10,0.1615367289643628,0.08839779005524862,0.20382165605095542,0.9775662814411965,0.16161616161616163,0.06059040731864156,,False
11,extended_low_cost,soft_voting,smotenc_0.10,0.21733321238955,0.08,0.21656050955414013,0.9734194425560843,0.16144349477682812,0.060737257356167335,"(2, 1, 2)",False
12,lifestyle_only,extra_trees,none,0.0281373822799054,0.05023696682464455,0.3375796178343949,0.9318830727396329,0.1574569221628045,0.043207900924444535,,False
13,lifestyle_only,catboost,smotenc_0.10,0.0875471799613363,0.05200433369447454,0.3057324840764331,0.9405166553365057,0.15473887814313347,0.03545174814275265,,False
14,extended_low_cost,logistic_regression,smotenc_0.25,0.5108524095585462,0.06924643584521385,0.21656050955414013,0.9689326988443235,0.15192135835567472,0.05320573232829276,,False
15,extended_low_cost,random_forest,smotenc_0.10,0.1950840415342118,0.06813627254509018,0.21656050955414013,0.9683888511216859,0.15084294587400177,0.05092291882334199,,False
16,lifestyle_only,logistic_regression,class_weight,0.8133430962627947,0.06732673267326733,0.21656050955414013,0.9679809653297077,0.1500441306266549,0.053089234682511255,,False
17,lifestyle_only,random_forest,none,0.0271561360238944,0.04630454140694568,0.33121019108280253,0.927192386131883,0.14848657909765847,0.0436848475309616,,False
18,lifestyle_only,logistic_regression,none,0.0387658532424717,0.0625,0.2229299363057325,0.9643099932019035,0.1473063973063973,0.05471428538112416,,False
19,extended_low_cost,random_forest,smotenc_0.25,0.3144160788881421,0.06010016694490818,0.22929936305732485,0.9617267165193746,0.14669926650366752,0.04249645570986427,,False
20,extended_low_cost,soft_voting,smotenc_0.25,0.2878564076157131,0.06765327695560254,0.20382165605095542,0.970020394289599,0.145322434150772,0.053482130498697496,"(1, 1, 2)",False
21,lifestyle_only,soft_voting,none,0.0213671595148289,0.04224326292789512,0.36942675159235666,0.9106050305914344,0.14492753623188406,0.05027289988047695,"(2, 1, 1)",False
22,lifestyle_only,catboost,none,0.0215059403160388,0.04294478527607362,0.35668789808917195,0.9151597552685248,0.14492753623188404,0.04339387374651812,,False
23,lifestyle_only,catboost,smotenc_0.25,0.1133735539003346,0.04428697962798937,0.3184713375796178,0.9266485384092454,0.1422879908935686,0.03598978821774478,,False
24,lifestyle_only,catboost,class_weight,0.7680937912195488,0.06609808102345416,0.19745222929936307,0.970224337185588,0.14129443938012765,0.046034553676377564,,False
25,extended_low_cost,catboost,smotenc_0.25,0.107041961322666,0.04157218442932729,0.3503184713375796,0.9138001359619307,0.14095335725269093,0.056701359520030546,,False
26,lifestyle_only,soft_voting,class_weight,0.69231206817204,0.058519793459552494,0.21656050955414013,0.9628144119646499,0.14061207609594706,0.044668926284317165,"(2, 1, 2)",False
27,lifestyle_only,soft_voting,smotenc_0.10,0.2130440281408424,0.056179775280898875,0.2229299363057325,0.9600271923861319,0.1398880895283773,0.042625804845373365,"(2, 1, 1)",False
28,lifestyle_only,logistic_regression,smotenc_0.10,0.3920159158116651,0.10084033613445378,0.15286624203821655,0.9854520734194425,0.13856812933025403,0.04633784875771587,,False
29,lifestyle_only,logistic_regression,smotenc_0.25,0.5837565446483161,0.08360128617363344,0.16560509554140126,0.9806254248810333,0.13844515441959532,0.04481926791184261,,False
30,lifestyle_only,soft_voting,smotenc_0.25,0.3490704637060234,0.05325443786982249,0.22929936305732485,0.9564921821889871,0.13803680981595093,0.04020247297770247,"(2, 1, 1)",False
31,lifestyle_only,random_forest,smotenc_0.10,0.1620280196378414,0.044193216855087356,0.27388535031847133,0.9367777022433719,0.13429106808244848,0.03277394109129782,,False
32,extended_low_cost,extra_trees,smotenc_0.10,0.1787639246854284,0.04847645429362881,0.2229299363057325,0.9532970768184909,0.12962962962962965,0.03987913234655609,,False
33,extended_low_cost,random_forest,class_weight,0.4107938435575394,0.05081967213114754,0.19745222929936307,0.9606390210740993,0.12520193861066237,0.054175105123289546,,False
34,lifestyle_only,random_forest,smotenc_0.25,0.2767133455646496,0.03951081843838194,0.267515923566879,0.9305914343983684,0.12418687167356596,0.029818376060711152,,False
35,lifestyle_only,extra_trees,smotenc_0.10,0.125738006383355,0.031642116748499725,0.36942675159235666,0.8793337865397689,0.1178382771231207,0.02707676688327184,,False
36,extended_low_cost,extra_trees,smotenc_0.25,0.3420605347281215,0.046468401486988845,0.1592356687898089,0.96512576478586,0.10720411663807888,0.02748113213315536,,False
37,lifestyle_only,random_forest,class_weight,0.4004769792306744,0.038926174496644296,0.18471337579617833,0.9513256288239293,0.1056081573197378,0.02628294901703,,False
38,extended_low_cost,extra_trees,class_weight,0.4580423344753069,0.03810775295663601,0.18471337579617833,0.950237933378654,0.10439164866810655,0.02682343680765142,,False
39,lifestyle_only,extra_trees,smotenc_0.25,0.2151790766887344,0.025884383088869714,0.3821656050955414,0.8464989802855201,0.10183299389002036,0.022442956691233994,,False
40,lifestyle_only,extra_trees,class_weight,0.4510557936379886,0.027538726333907058,0.20382165605095542,0.9231815091774304,0.08938547486033521,0.019372487843376453,,False
